lga_code,lda_name,year,population
10050,Albury,2016,53705
10050,Albury,2018,54353
10130,Armidale Regional,2016,30681
10130,Armidale Regional,2018,30779
10250,Ballina,2016,44172
10300,Balranald,2016,2338
10470,Bathurst Regional,2016,43163
10500,Bayside,2016,174218
10550,Bega Valley,2016,34315
10600,Bellingen,2016,12953
10650,Berrigan,2016,8700
10750,Blacktown,2016,366078
10800,Bland,2016,5979
10850,Blayney,2016,7334
10900,Blue Mountains,2016,79191
10950,Bogan,2016,2618
11150,Bourke,2016,2626
11200,Brewarrina,2016,1653
11250,Broken Hill,2016,17715
11300,Burwood,2016,39864
11350,Byron,2016,34545
11400,Cabonne,2016,13667
11450,Camden,2016,94029
11500,Campbelltown,2016,167930
11520,Canada Bay,2016,95064
11570,Canterbury-Bankstown,2016,373486
11600,Carrathool,2016,2799
11650,Central Coast,2016,341693
11700,Central Darling,2016,1835
11720,Cessnock,2016,59029
11730,Clarence Valley,2016,51598
11750,Cobar,2016,4715
11800,Coffs Harbour,2016,76480
12000,Coolamon,2016,4363
12150,Coonamble,2016,4008
12160,Cootamundra-Gundagai Regional,2016,11250
12350,Cowra,2016,12753
12380,Cumberland,2016,236599
12390,Dubbo Regional,2016,53167
12700,Dungog,2016,9336
12730,Edward River,2016,8984
12750,Eurobodalla,2016,38253
12850,Fairfield,2016,210417
12870,Federation,2016,12450
12900,Forbes,2016,9898
12930,Georges River,2016,158283
12950,Gilgandra,2016,4221
13010,Glen Innes Severn,2016,8900
13310,Goulburn Mulwaree,2016,30823
13340,Greater Hume Shire,2016,10675
13450,Griffith,2016,26849
13550,Gunnedah,2016,12643
13660,Gwydir,2016,5344
13800,Hawkesbury,2016,67007
13850,Hay,2016,2975
13910,Hilltops,2016,18759
14000,Hornsby,2016,150632
14100,Hunters Hill,2016,14898
14170,Inner West,2016,197836
14200,Inverell,2016,16825
14300,Junee,2016,6625
14350,Kempsey,2016,29633
14400,Kiama,2016,22987
14500,Ku-ring-gai,2016,125965
14550,Kyogle,2016,8862
14600,Lachlan,2016,6143
14650,Lake Macquarie,2016,204694
14700,Lane Cove,2016,39442
14750,Leeton,2016,11425
14850,Lismore,2016,43803
14870,Lithgow,2016,21616
14900,Liverpool,2016,223025
14920,Liverpool Plains,2016,7886
14950,Lockhart,2016,3290
15050,Maitland,2016,83104
15240,Mid-Coast,2016,93209
15270,Mid-Western Regional,2016,25057
15300,Moree Plains,2016,13331
15350,Mosman,2016,30852
15520,Murray River,2016,12105
15560,Murrumbidgee,2016,3956
15650,Muswellbrook,2016,16364
15700,Nambucca,2016,19752
15750,Narrabri,2016,13216
15800,Narrandera,2016,5924
15850,Narromine,2016,6559
15900,Newcastle,2016,163943
15950,North Sydney,2016,74087
15990,Northern Beaches,2016,271027
16100,Oberon,2016,5403
16150,Orange,2016,42000
16200,Parkes,2016,14877
16260,Parramatta,2016,251065
16350,Penrith,2016,208947
16380,Port Macquarie-Hastings,2016,83062
16400,Port Stephens,2016,72630
16490,Queanbeyan-Palerang Regional,2016,59889
16550,Randwick,2016,154145
16610,Richmond Valley,2016,23374
16700,Ryde,2016,127340
16900,Shellharbour,2016,72160
16950,Shoalhaven,2016,104268
17000,Singleton,2016,23397
17040,Snowy Monaro Regional,2016,20714
17080,Snowy Valleys,2016,14516
17100,Strathfield,2016,45110
17150,Sutherland Shire,2016,228980
17200,Sydney,2016,240102
17310,Tamworth Regional,2016,62086
17350,Temora,2016,6267
17400,Tenterfield,2016,6631
17420,The Hills Shire,2016,172339
17550,Tweed,2016,96018
17620,Upper Hunter Shire,2016,14208
17640,Upper Lachlan Shire,2016,7954
17650,Uralla,2016,6057
17750,Wagga Wagga,2016,64743
17850,Walcha,2016,3129
17900,Walgett,2016,6044
17950,Warren,2016,2740
18020,Warrumbungle Shire,2016,9389
18050,Waverley,2016,74040
18100,Weddin,2016,3632
18200,Wentworth,2016,7033
18250,Willoughby,2016,80274
18350,Wingecarribee,2016,50452
18400,Wollondilly,2016,52171
18450,Wollongong,2016,215856
18500,Woollahra,2016,58908
18710,Yass Valley,2016,16936
19399,Unincorporated NSW,2016,1079
20110,Alpine,2016,12730
20260,Ararat,2016,11795
20570,Ballarat,2016,107324
20660,Banyule,2016,130250
20740,Bass Coast,2016,35326
20830,Baw Baw,2016,52012
20910,Bayside,2016,105745
21010,Benalla,2016,14023
21110,Boroondara,2016,181376
21180,Brimbank,2016,208744
21270,Buloke,2016,6183
21370,Campaspe,2016,37590
21450,Cardinia,2016,107117
21610,Casey,2016,340443
21670,Central Goldfields,2016,13208
21750,Colac-Otway,2016,21502
21830,Corangamite,2016,16139
21890,Darebin,2016,161653
22110,East Gippsland,2016,46816
22170,Frankston,2016,141847
22250,Gannawarra,2016,10546
22310,Glen Eira,2016,153920
22410,Glenelg,2016,19664
22490,Golden Plains,2016,23118
22620,Greater Bendigo,2016,116041
22670,Greater Dandenong,2016,166140
22750,Greater Geelong,2016,252229
22830,Greater Shepparton,2016,66008
22910,Hepburn,2016,15812
22980,Hindmarsh,2016,5644
23110,Hobsons Bay,2016,96481
23190,Horsham,2016,19874
23270,Hume,2016,224423
23350,Indigo,2016,16489
23430,Kingston,2016,163452
23670,Knox,2016,163212
23810,Latrobe,2016,75209
23940,Loddon,2016,7513
24130,Macedon Ranges,2016,49387
24210,Manningham,2016,125535
24250,Mansfield,2016,8979
24330,Maribyrnong,2016,91413
24410,Maroondah,2016,117505
24600,Melbourne,2016,170317
24650,Melton,2016,156718
24780,Mildura,2016,55516
24850,Mitchell,2016,44298
24900,Moira,2016,29797
24970,Monash,2016,200212
25060,Moonee Valley,2016,127906
25150,Moorabool,2016,34156
25250,Moreland,2016,181780
25340,Mornington Peninsula,2016,165823
25430,Mount Alexander,2016,19514
25490,Moyne,2016,16887
25620,Murrindindi,2016,14478
25710,Nillumbik,2016,64941
25810,Northern Grampians,2016,11430
25900,Port Phillip,2016,113265
25990,Pyrenees,2016,7353
26080,Queenscliffe,2016,2982
26170,South Gippsland,2016,29575
26260,Southern Grampians,2016,16134
26350,Stonnington,2016,116281
26430,Strathbogie,2016,10644
26490,Surf Coast,2016,32252
26610,Swan Hill,2016,20760
26670,Towong,2016,6054
26700,Wangaratta,2016,29086
26730,Warrnambool,2016,34863
26810,Wellington,2016,44017
26890,West Wimmera,2016,3862
26980,Whitehorse,2016,176273
27070,Whittlesea,2016,223347
27170,Wodonga,2016,41429
27260,Wyndham,2016,255367
27350,Yarra,2016,98567
27450,Yarra Ranges,2016,158171
27630,Yarriambiack,2016,6658
29399,Unincorporated Vic,2016,889
30250,Aurukun,2016,1381
30300,Balonne,2016,4333
30370,Banana,2016,14287
30410,Barcaldine,2016,2851
30450,Barcoo,2016,267
30760,Blackall-Tambo,2016,1863
30900,Boulia,2016,425
31000,Brisbane,2016,1230938
31750,Bulloo,2016,330
31820,Bundaberg,2016,95280
31900,Burdekin,2016,17073
31950,Burke,2016,352
32080,Cairns,2016,165462
32250,Carpentaria,2016,1974
32260,Cassowary Coast,2016,29679
32270,Central Highlands,2016,28636
32310,Charters Towers,2016,11849
32330,Cherbourg,2016,1315
32450,Cloncurry,2016,3090
32500,Cook,2016,4444
32600,Croydon,2016,288
32750,Diamantina,2016,292
32770,Doomadgee,2016,1506
32810,Douglas,2016,12252
33100,Etheridge,2016,804
33200,Flinders,2016,1498
33220,Fraser Coast,2016,105448
33360,Gladstone,2016,62961
33430,Gold Coast,2016,606528
33610,Goondiwindi,2016,10725
33620,Gympie,2016,51578
33800,Hinchinbrook,2016,10803
33830,Hope Vale,2016,1081
33960,Ipswich,2016,213568
33980,Isaac,2016,20930
34420,Kowanyama,2016,977
34530,Livingstone,2016,37629
34570,Lockhart River,2016,782
34580,Lockyer Valley,2016,40996
34590,Logan,2016,326494
34710,Longreach,2016,3529
34770,Mackay,2016,116514
34800,McKinlay,2016,814
34830,Mapoon,2016,325
34860,Maranoa,2016,12788
34880,Mareeba,2016,22511
35010,Moreton Bay,2016,459456
35250,Mornington,2016,1218
35300,Mount Isa,2016,18870
35600,Murweh,2016,4317
35670,Napranum,2016,1047
35740,Noosa,2016,55355
35760,North Burnett,2016,10624
35780,Northern Peninsula Area,2016,3068
35790,Palm Island,2016,2637
35800,Paroo,2016,1586
36070,Pormpuraaw,2016,833
36150,Quilpie,2016,790
36250,Redland,2016,156825
36300,Richmond,2016,806
36370,Rockhampton,2016,81051
36510,Scenic Rim,2016,42576
36580,Somerset,2016,25881
36630,South Burnett,2016,32549
36660,Southern Downs,2016,35593
36720,Sunshine Coast,2016,319837
36820,Tablelands,2016,25535
36910,Toowoomba,2016,167611
36950,Torres,2016,3847
36960,Torres Strait Island,2016,4993
37010,Townsville,2016,194019
37300,Weipa,2016,4239
37310,Western Downs,2016,34459
37340,Whitsunday,2016,35037
37400,Winton,2016,1157
37550,Woorabinda,2016,1005
37570,Wujal Wujal,2016,306
37600,Yarrabah,2016,2847
40070,Adelaide,2016,24807
40120,Adelaide Hills,2016,39735
40150,Adelaide Plains,2016,9059
40220,Alexandrina,2016,27039
40250,Anangu Pitjantjatjara,2016,2558
40310,Barossa,2016,24810
40430,Barunga West,2016,2551
40520,Berri and Barmera,2016,10854
40700,Burnside,2016,45714
40910,Campbelltown,2016,51473
41010,Ceduna,2016,3466
41060,Charles Sturt,2016,117388
41140,Clare and Gilbert Valleys,2016,9379
41190,Cleve,2016,1799
41330,Coober Pedy,2016,1845
41560,Copper Coast,2016,14873
41750,Elliston,2016,1019
41830,Flinders Ranges,2016,1693
41960,Franklin Harbour,2016,1315
42030,Gawler,2016,24019
42110,Goyder,2016,4206
42250,Grant,2016,8511
42600,Holdfast Bay,2016,37035
42750,Kangaroo Island,2016,4933
43080,Karoonda East Murray,2016,1112
43220,Kimba,2016,1073
43360,Kingston,2016,2374
43650,Light,2016,15340
43710,Lower Eyre Peninsula,2016,5761
43790,Loxton Waikerie,2016,11728
44000,Maralinga Tjarutja,2016,64
44060,Marion,2016,92312
44210,Mid Murray,2016,8984
44340,Mitcham,2016,67259
44550,Mount Barker,2016,35545
44620,Mount Gambier,2016,27177
44830,Mount Remarkable,2016,2910
45040,Murray Bridge,2016,22166
45090,Naracoorte and Lucindale,2016,8533
45120,Northern Areas,2016,4604
45290,Norwood Payneham St Peters,2016,36757
45340,Onkaparinga,2016,171496
45400,Orroroo-Carrieton,2016,854
45540,Peterborough,2016,1700
45680,Playford,2016,93426
45890,Port Adelaide Enfield,2016,126125
46090,Port Augusta,2016,14102
46300,Port Lincoln,2016,14627
46450,Port Pirie City and Dists,2016,17631
46510,Prospect,2016,21260
46670,Renmark Paringa,2016,9870
46860,Robe,2016,1444
46970,Roxby Downs,2016,4014
47140,Salisbury,2016,142558
47290,Southern Mallee,2016,2094
47490,Streaky Bay,2016,2214
47630,Tatiara,2016,6795
47700,Tea Tree Gully,2016,99697
47800,The Coorong,2016,5463
47910,Tumby Bay,2016,2688
47980,Unley,2016,39150
48050,Victor Harbor,2016,15249
48130,Wakefield,2016,6815
48260,Walkerville,2016,7946
48340,Wattle Range,2016,12032
48410,West Torrens,2016,60109
48540,Whyalla,2016,21767
48640,Wudinna,2016,1294
48750,Yankalilla,2016,5478
48830,Yorke Peninsula,2016,11329
49399,Unincorporated SA,2016,3520
50080,Albany,2016,37820
50210,Armadale,2016,87607
50250,Ashburton,2016,13327
50280,Augusta-Margaret River,2016,15694
50350,Bassendean,2016,15735
50420,Bayswater,2016,68197
50490,Belmont,2016,41484
50560,Beverley,2016,1748
50630,Boddington,2016,1833
50770,Boyup Brook,2016,1756
50840,Bridgetown-Greenbushes,2016,4722
50910,Brookton,2016,965
50980,Broome,2016,16947
51080,Broomehill-Tambellup,2016,1132
51120,Bruce Rock,2016,939
51190,Bunbury,2016,31767
51260,Busselton,2016,38921
51310,Cambridge,2016,28464
51330,Canning,2016,92888
51400,Capel,2016,18020
51470,Carnamah,2016,541
51540,Carnarvon,2016,5361
51610,Chapman Valley,2016,1492
51680,Chittering,2016,5742
51750,Claremont,2016,10698
51820,Cockburn,2016,112124
51890,Collie,2016,8754
51960,Coolgardie,2016,3505
52030,Coorow,2016,1004
52100,Corrigin,2016,1146
52170,Cottesloe,2016,8184
52240,Cranbrook,2016,1077
52310,Cuballing,2016,862
52380,Cue,2016,148
52450,Cunderdin,2016,1439
52520,Dalwallinu,2016,1431
52590,Dandaragan,2016,3258
52660,Dardanup,2016,14366
52730,Denmark,2016,6154
52800,Derby-West Kimberley,2016,8253
52870,Donnybrook-Balingup,2016,6061
52940,Dowerin,2016,676
53010,Dumbleyung,2016,676
53080,Dundas,2016,735
53150,East Fremantle,2016,7809
53220,East Pilbara,2016,10968
53290,Esperance,2016,14279
53360,Exmouth,2016,2835
53430,Fremantle,2016,30854
53570,Gingin,2016,5255
53640,Gnowangerup,2016,1207
53710,Goomalling,2016,1011
53780,Gosnells,2016,123263
53800,Greater Geraldton,2016,38730
53920,Halls Creek,2016,3490
53990,Harvey,2016,27793
54060,Irwin,2016,3560
54130,Jerramungup,2016,1133
54170,Joondalup,2016,159977
54200,Kalamunda,2016,58932
54280,Kalgoorlie-Boulder,2016,29989
54310,Karratha,2016,22407
54340,Katanning,2016,4084
54410,Kellerberrin,2016,1207
54480,Kent,2016,562
54550,Kojonup,2016,1980
54620,Kondinin,2016,870
54690,Koorda,2016,408
54760,Kulin,2016,774
54830,Kwinana,2016,43496
54900,Lake Grace,2016,1281
54970,Laverton,2016,1206
55040,Leonora,2016,1529
55110,Mandurah,2016,85281
55180,Manjimup,2016,9159
55250,Meekatharra,2016,1008
55320,Melville,2016,101897
55390,Menzies,2016,521
55460,Merredin,2016,3409
55530,Mingenew,2016,432
55600,Moora,2016,2425
55670,Morawa,2016,698
55740,Mosman Park,2016,9062
55810,Mount Magnet,2016,464
55880,Mount Marshall,2016,518
55950,Mukinbudin,2016,531
56090,Mundaring,2016,39131
56160,Murchison,2016,162
56230,Murray,2016,17650
56300,Nannup,2016,1363
56370,Narembeen,2016,837
56460,Narrogin,2016,5039
56580,Nedlands,2016,22534
56620,Ngaanyatjarraku,2016,1747
56730,Northam,2016,11188
56790,Northampton,2016,3077
56860,Nungarin,2016,247
56930,Peppermint Grove,2016,1720
57000,Perenjori,2016,596
57080,Perth,2016,27720
57140,Pingelly,2016,1152
57210,Plantagenet,2016,5249
57280,Port Hedland,2016,14971
57350,Quairading,2016,1007
57420,Ravensthorpe,2016,1598
57490,Rockingham,2016,133352
57630,Sandstone,2016,81
57700,Serpentine-Jarrahdale,2016,30927
57770,Shark Bay,2016,946
57840,South Perth,2016,43523
57910,Stirling,2016,220135
57980,Subiaco,2016,17093
58050,Swan,2016,143333
58190,Tammin,2016,401
58260,Three Springs,2016,591
58330,Toodyay,2016,4427
58400,Trayning,2016,348
58470,Upper Gascoyne,2016,279
58510,Victoria Park,2016,36568
58540,Victoria Plains,2016,934
58570,Vincent,2016,36058
58610,Wagin,2016,1824
58680,Wandering,2016,431
58760,Wanneroo,2016,203609
58820,Waroona,2016,4169
58890,West Arthur,2016,798
59030,Westonia,2016,302
59100,Wickepin,2016,730
59170,Williams,2016,1024
59250,Wiluna,2016,706
59310,Wongan-Ballidu,2016,1299
59320,Woodanilling,2016,428
59330,Wyalkatchem,2016,498
59340,Wyndham-East Kimberley,2016,7315
59350,Yalgoo,2016,357
59360,Yilgarn,2016,1169
59370,York,2016,3591
60210,Break O`Day,2016,6231
60410,Brighton,2016,17289
60610,Burnie,2016,19344
60810,Central Coast,2016,21902
61010,Central Highlands,2016,2144
61210,Circular Head,2016,8066
61410,Clarence,2016,56945
61510,Derwent Valley,2016,10287
61610,Devonport,2016,25413
61810,Dorset,2016,6652
62010,Flinders,2016,987
62210,George Town,2016,6932
62410,Glamorgan-Spring Bay,2016,4529
62610,Glenorchy,2016,47645
62810,Hobart,2016,53766
63010,Huon Valley,2016,17221
63210,Kentish,2016,6324
63410,King Island,2016,1601
63610,Kingborough,2016,37738
63810,Latrobe,2016,11328
64010,Launceston,2016,67473
64210,Meander Valley,2016,19713
64610,Northern Midlands,2016,13299
64810,Sorell,2016,15216
65010,Southern Midlands,2016,6117
65210,Tasman,2016,2404
65410,Waratah-Wynyard,2016,13797
65610,West Coast,2016,4166
65810,West Tamar,2016,23769
70200,Alice Springs,2016,26502
70420,Barkly,2016,7384
70540,Belyuen,2016,174
70620,Central Desert,2016,4204
70700,Coomalie,2016,1390
71000,Darwin,2016,84500
71300,East Arnhem,2016,10336
72200,Katherine,2016,10610
72300,Litchfield,2016,25583
72330,MacDonnell,2016,6857
72800,Palmerston,2016,37818
73600,Roper Gulf,2016,7392
74050,Tiwi Islands,2016,2750
74550,Victoria Daly,2016,3135
74560,Wagait,2016,508
74660,West Arnhem,2016,6896
74680,West Daly,2016,3646
79399,Unincorporated NT,2016,7373
10250,Ballina,2018,44628
10300,Balranald,2018,2338
10470,Bathurst Regional,2018,43618
10500,Bayside,2018,178396
10550,Bega Valley,2018,34476
10600,Bellingen,2018,12996
10650,Berrigan,2018,8750
10750,Blacktown,2018,374451
10800,Bland,2018,5972
10850,Blayney,2018,7379
10900,Blue Mountains,2018,79118
10950,Bogan,2018,2580
11150,Bourke,2018,2590
11200,Brewarrina,2018,1611
11250,Broken Hill,2018,17479
11300,Burwood,2018,40612
11350,Byron,2018,35081
11400,Cabonne,2018,13634
11450,Camden,2018,101437
11500,Campbelltown,2018,170943
11520,Canada Bay,2018,96074
11570,Canterbury-Bankstown,2018,377917
11600,Carrathool,2018,2799
11650,Central Coast,2018,343968
11700,Central Darling,2018,1839
11720,Cessnock,2018,59985
11730,Clarence Valley,2018,51662
11750,Cobar,2018,4658
11800,Coffs Harbour,2018,77277
12000,Coolamon,2018,4341
12150,Coonamble,2018,3958
12160,Cootamundra-Gundagai Regional,2018,11235
12350,Cowra,2018,12743
12380,Cumberland,2018,241521
12390,Dubbo Regional,2018,53719
12700,Dungog,2018,9423
12730,Edward River,2018,9084
12750,Eurobodalla,2018,38473
12850,Fairfield,2018,211695
12870,Federation,2018,12437
12900,Forbes,2018,9906
12930,Georges River,2018,159471
12950,Gilgandra,2018,4239
13010,Glen Innes Severn,2018,8871
13310,Goulburn Mulwaree,2018,31132
13340,Greater Hume Shire,2018,10764
13450,Griffith,2018,27029
13550,Gunnedah,2018,12681
13660,Gwydir,2018,5353
13800,Hawkesbury,2018,67296
13850,Hay,2018,2949
13910,Hilltops,2018,18704
14000,Hornsby,2018,152059
14100,Hunters Hill,2018,14980
14170,Inner West,2018,200811
14200,Inverell,2018,16890
14300,Junee,2018,6683
14350,Kempsey,2018,29745
14400,Kiama,2018,23386
14500,Ku-ring-gai,2018,127153
14550,Kyogle,2018,8796
14600,Lachlan,2018,6075
14650,Lake Macquarie,2018,205901
14700,Lane Cove,2018,40155
14750,Leeton,2018,11445
14850,Lismore,2018,43692
14870,Lithgow,2018,21605
14900,Liverpool,2018,227585
14920,Liverpool Plains,2018,7903
14950,Lockhart,2018,3285
15050,Maitland,2018,85166
15240,Mid-Coast,2018,93836
15270,Mid-Western Regional,2018,25251
15300,Moree Plains,2018,13261
15350,Mosman,2018,30981
15520,Murray River,2018,12118
15560,Murrumbidgee,2018,3917
15650,Muswellbrook,2018,16377
15700,Nambucca,2018,19805
15750,Narrabri,2018,13135
15800,Narrandera,2018,5899
15850,Narromine,2018,6517
15900,Newcastle,2018,165571
15950,North Sydney,2018,75021
15990,Northern Beaches,2018,273499
16100,Oberon,2018,5411
16150,Orange,2018,42451
16200,Parkes,2018,14837
16260,Parramatta,2018,257197
16350,Penrith,2018,212977
16380,Port Macquarie-Hastings,2018,84525
16400,Port Stephens,2018,73481
16490,Queanbeyan-Palerang Regional,2018,61100
16550,Randwick,2018,155649
16610,Richmond Valley,2018,23465
16700,Ryde,2018,131271
16900,Shellharbour,2018,73233
16950,Shoalhaven,2018,105648
17000,Singleton,2018,23461
17040,Snowy Monaro Regional,2018,20795
17080,Snowy Valleys,2018,14479
17100,Strathfield,2018,46926
17150,Sutherland Shire,2018,230611
17200,Sydney,2018,246343
17310,Tamworth Regional,2018,62541
17350,Temora,2018,6307
17400,Tenterfield,2018,6594
17420,The Hills Shire,2018,177969
17550,Tweed,2018,97001
17620,Upper Hunter Shire,2018,14180
17640,Upper Lachlan Shire,2018,8059
17650,Uralla,2018,6012
17750,Wagga Wagga,2018,65258
17850,Walcha,2018,3134
17900,Walgett,2018,5953
17950,Warren,2018,2697
18020,Warrumbungle Shire,2018,9278
18050,Waverley,2018,74295
18100,Weddin,2018,3613
18200,Wentworth,2018,7053
18250,Willoughby,2018,81189
18350,Wingecarribee,2018,51134
18400,Wollondilly,2018,53149
18450,Wollongong,2018,218114
18500,Woollahra,2018,59387
18710,Yass Valley,2018,17087
19399,Unincorporated NSW,2018,1026
20110,Alpine,2018,12814
20260,Ararat,2018,11845
20570,Ballarat,2018,109505
20660,Banyule,2018,131631
20740,Bass Coast,2018,36320
20830,Baw Baw,2018,53396
20910,Bayside,2018,106862
21010,Benalla,2018,14037
21110,Boroondara,2018,183199
21180,Brimbank,2018,209523
21270,Buloke,2018,6124
21370,Campaspe,2018,37622
21450,Cardinia,2018,112159
21610,Casey,2018,353872
21670,Central Goldfields,2018,13186
21750,Colac-Otway,2018,21564
21830,Corangamite,2018,16020
21890,Darebin,2018,164184
22110,East Gippsland,2018,47316
22170,Frankston,2018,142643
22250,Gannawarra,2018,10472
22310,Glen Eira,2018,156511
22410,Glenelg,2018,19674
22490,Golden Plains,2018,23722
22620,Greater Bendigo,2018,118093
22670,Greater Dandenong,2018,168201
22750,Greater Geelong,2018,258934
22830,Greater Shepparton,2018,66498
22910,Hepburn,2018,15975
22980,Hindmarsh,2018,5588
23110,Hobsons Bay,2018,97751
23190,Horsham,2018,19921
23270,Hume,2018,233471
23350,Indigo,2018,16701
23430,Kingston,2018,165782
23670,Knox,2018,164538
23810,Latrobe,2018,75561
23940,Loddon,2018,7504
24130,Macedon Ranges,2018,50231
24210,Manningham,2018,127573
24250,Mansfield,2018,9176
24330,Maribyrnong,2018,93448
24410,Maroondah,2018,118558
24600,Melbourne,2018,178955
24650,Melton,2018,164895
24780,Mildura,2018,55777
24850,Mitchell,2018,46082
24900,Moira,2018,29925
24970,Monash,2018,202847
25060,Moonee Valley,2018,130294
25150,Moorabool,2018,35049
25250,Moreland,2018,185767
25340,Mornington Peninsula,2018,167636
25430,Mount Alexander,2018,19754
25490,Moyne,2018,16953
25620,Murrindindi,2018,14570
25710,Nillumbik,2018,65094
25810,Northern Grampians,2018,11402
25900,Port Phillip,2018,115601
25990,Pyrenees,2018,7472
26080,Queenscliffe,2018,2940
26170,South Gippsland,2018,29914
26260,Southern Grampians,2018,16100
26350,Stonnington,2018,117768
26430,Strathbogie,2018,10781
26490,Surf Coast,2018,33456
26610,Swan Hill,2018,20649
26670,Towong,2018,6040
26700,Wangaratta,2018,29187
26730,Warrnambool,2018,35181
26810,Wellington,2018,44380
26890,West Wimmera,2018,3841
26980,Whitehorse,2018,178739
27070,Whittlesea,2018,230238
27170,Wodonga,2018,42083
27260,Wyndham,2018,270487
27350,Yarra,2018,101495
27450,Yarra Ranges,2018,159462
27630,Yarriambiack,2018,6639
29399,Unincorporated Vic,2018,881
30250,Aurukun,2018,1418
30300,Balonne,2018,4360
30370,Banana,2018,14156
30410,Barcaldine,2018,2849
30450,Barcoo,2018,266
30760,Blackall-Tambo,2018,1868
30900,Boulia,2018,423
31000,Brisbane,2018,1253982
31750,Bulloo,2018,325
31820,Bundaberg,2018,95856
31900,Burdekin,2018,16971
31950,Burke,2018,354
32080,Cairns,2018,166862
32250,Carpentaria,2018,1977
32260,Cassowary Coast,2018,29794
32270,Central Highlands,2018,28701
32310,Charters Towers,2018,11739
32330,Cherbourg,2018,1331
32450,Cloncurry,2018,3047
32500,Cook,2018,4549
32600,Croydon,2018,284
32750,Diamantina,2018,291
32770,Doomadgee,2018,1526
32810,Douglas,2018,12367
33100,Etheridge,2018,793
33200,Flinders,2018,1505
33220,Fraser Coast,2018,106712
33360,Gladstone,2018,63412
33430,Gold Coast,2018,620518
33610,Goondiwindi,2018,10799
33620,Gympie,2018,52446
33800,Hinchinbrook,2018,10687
33830,Hope Vale,2018,1117
33960,Ipswich,2018,222307
33980,Isaac,2018,20886
34420,Kowanyama,2018,990
34530,Livingstone,2018,38078
34570,Lockhart River,2018,800
34580,Lockyer Valley,2018,41731
34590,Logan,2018,334358
34710,Longreach,2018,3470
34770,Mackay,2018,116763
34800,McKinlay,2018,818
34830,Mapoon,2018,333
34860,Maranoa,2018,12665
34880,Mareeba,2018,22730
35010,Moreton Bay,2018,469465
35250,Mornington,2018,1230
35300,Mount Isa,2018,18595
35600,Murweh,2018,4295
35670,Napranum,2018,1077
35740,Noosa,2018,55873
35760,North Burnett,2018,10599
35780,Northern Peninsula Area,2018,3163
35790,Palm Island,2018,2671
35800,Paroo,2018,1562
36070,Pormpuraaw,2018,845
36150,Quilpie,2018,778
36250,Redland,2018,158815
36300,Richmond,2018,810
36370,Rockhampton,2018,81512
36510,Scenic Rim,2018,43123
36580,Somerset,2018,26219
36630,South Burnett,2018,32521
36660,Southern Downs,2018,35452
36720,Sunshine Coast,2018,328428
36820,Tablelands,2018,25575
36910,Toowoomba,2018,169008
36950,Torres,2018,3887
36960,Torres Strait Island,2018,5104
37010,Townsville,2018,195032
37300,Weipa,2018,4333
37310,Western Downs,2018,34585
37340,Whitsunday,2018,35357
37400,Winton,2018,1153
37550,Woorabinda,2018,1016
37570,Wujal Wujal,2018,312
37600,Yarrabah,2018,2901
40070,Adelaide,2018,25456
40120,Adelaide Hills,2018,39977
40150,Adelaide Plains,2018,9137
40220,Alexandrina,2018,27427
40250,Anangu Pitjantjatjara,2018,2573
40310,Barossa,2018,25021
40430,Barunga West,2018,2563
40520,Berri and Barmera,2018,10842
40700,Burnside,2018,45816
40910,Campbelltown,2018,52192
41010,Ceduna,2018,3442
41060,Charles Sturt,2018,118943
41140,Clare and Gilbert Valleys,2018,9424
41190,Cleve,2018,1792
41330,Coober Pedy,2018,1834
41560,Copper Coast,2018,15010
41750,Elliston,2018,1008
41830,Flinders Ranges,2018,1692
41960,Franklin Harbour,2018,1304
42030,Gawler,2018,24416
42110,Goyder,2018,4190
42250,Grant,2018,8584
42600,Holdfast Bay,2018,37435
42750,Kangaroo Island,2018,4983
43080,Karoonda East Murray,2018,1107
43220,Kimba,2018,1065
43360,Kingston,2018,2371
43650,Light,2018,15359
43710,Lower Eyre Peninsula,2018,5780
43790,Loxton Waikerie,2018,11743
44000,Maralinga Tjarutja,2018,64
44060,Marion,2018,93448
44210,Mid Murray,2018,9094
44340,Mitcham,2018,67474
44550,Mount Barker,2018,36571
44620,Mount Gambier,2018,27275
44830,Mount Remarkable,2018,2909
45040,Murray Bridge,2018,22495
45090,Naracoorte and Lucindale,2018,8555
45120,Northern Areas,2018,4619
45290,Norwood Payneham St Peters,2018,37056
45340,Onkaparinga,2018,172938
45400,Orroroo-Carrieton,2018,850
45540,Peterborough,2018,1687
45680,Playford,2018,94848
45890,Port Adelaide Enfield,2018,127740
46090,Port Augusta,2018,13862
46300,Port Lincoln,2018,14718
46450,Port Pirie City and Dists,2018,17634
46510,Prospect,2018,21520
46670,Renmark Paringa,2018,9907
46860,Robe,2018,1450
46970,Roxby Downs,2018,3954
47140,Salisbury,2018,143560
47290,Southern Mallee,2018,2080
47490,Streaky Bay,2018,2192
47630,Tatiara,2018,6816
47700,Tea Tree Gully,2018,100261
47800,The Coorong,2018,5429
47910,Tumby Bay,2018,2702
47980,Unley,2018,39208
48050,Victor Harbor,2018,15465
48130,Wakefield,2018,6838
48260,Walkerville,2018,8000
48340,Wattle Range,2018,12041
48410,West Torrens,2018,60842
48540,Whyalla,2018,21665
48640,Wudinna,2018,1300
48750,Yankalilla,2018,5572
48830,Yorke Peninsula,2018,11324
49399,Unincorporated SA,2018,3514
50080,Albany,2018,38053
50210,Armadale,2018,90797
50250,Ashburton,2018,13305
50280,Augusta-Margaret River,2018,16172
50350,Bassendean,2018,15823
50420,Bayswater,2018,68362
50490,Belmont,2018,42078
50560,Beverley,2018,1758
50630,Boddington,2018,1801
50770,Boyup Brook,2018,1763
50840,Bridgetown-Greenbushes,2018,4740
50910,Brookton,2018,952
50980,Broome,2018,16907
51080,Broomehill-Tambellup,2018,1108
51120,Bruce Rock,2018,940
51190,Bunbury,2018,31644
51260,Busselton,2018,39623
51310,Cambridge,2018,28867
51330,Canning,2018,92888
51400,Capel,2018,18161
51470,Carnamah,2018,534
51540,Carnarvon,2018,5182
51610,Chapman Valley,2018,1513
51680,Chittering,2018,5898
51750,Claremont,2018,10712
51820,Cockburn,2018,114320
51890,Collie,2018,8672
51960,Coolgardie,2018,3404
52030,Coorow,2018,980
52100,Corrigin,2018,1133
52170,Cottesloe,2018,8251
52240,Cranbrook,2018,1057
52310,Cuballing,2018,850
52380,Cue,2018,143
52450,Cunderdin,2018,1422
52520,Dalwallinu,2018,1401
52590,Dandaragan,2018,3266
52660,Dardanup,2018,14449
52730,Denmark,2018,6215
52800,Derby-West Kimberley,2018,8202
52870,Donnybrook-Balingup,2018,6095
52940,Dowerin,2018,671
53010,Dumbleyung,2018,665
53080,Dundas,2018,714
53150,East Fremantle,2018,7837
53220,East Pilbara,2018,10928
53290,Esperance,2018,14225
53360,Exmouth,2018,2871
53430,Fremantle,2018,31084
53570,Gingin,2018,5273
53640,Gnowangerup,2018,1200
53710,Goomalling,2018,1002
53780,Gosnells,2018,124081
53800,Greater Geraldton,2018,38288
53920,Halls Creek,2018,3454
53990,Harvey,2018,27975
54060,Irwin,2018,3567
54130,Jerramungup,2018,1127
54170,Joondalup,2018,159806
54200,Kalamunda,2018,58954
54280,Kalgoorlie-Boulder,2018,29469
54310,Karratha,2018,22716
54340,Katanning,2018,4042
54410,Kellerberrin,2018,1195
54480,Kent,2018,559
54550,Kojonup,2018,1939
54620,Kondinin,2018,857
54690,Koorda,2018,406
54760,Kulin,2018,761
54830,Kwinana,2018,45092
54900,Lake Grace,2018,1263
54970,Laverton,2018,1197
55040,Leonora,2018,1526
55110,Mandurah,2018,86474
55180,Manjimup,2018,9111
55250,Meekatharra,2018,983
55320,Melville,2018,102307
55390,Menzies,2018,520
55460,Merredin,2018,3365
55530,Mingenew,2018,427
55600,Moora,2018,2374
55670,Morawa,2018,674
55740,Mosman Park,2018,9111
55810,Mount Magnet,2018,454
55880,Mount Marshall,2018,519
55950,Mukinbudin,2018,533
56090,Mundaring,2018,39100
56160,Murchison,2018,162
56230,Murray,2018,17911
56300,Nannup,2018,1386
56370,Narembeen,2018,845
56460,Narrogin,2018,4984
56580,Nedlands,2018,22599
56620,Ngaanyatjarraku,2018,1750
56730,Northam,2018,11049
56790,Northampton,2018,2944
56860,Nungarin,2018,249
56930,Peppermint Grove,2018,1732
57000,Perenjori,2018,580
57080,Perth,2018,28832
57140,Pingelly,2018,1147
57210,Plantagenet,2018,5263
57280,Port Hedland,2018,15144
57350,Quairading,2018,999
57420,Ravensthorpe,2018,1558
57490,Rockingham,2018,135943
57630,Sandstone,2018,79
57700,Serpentine-Jarrahdale,2018,32562
57770,Shark Bay,2018,939
57840,South Perth,2018,43773
57910,Stirling,2018,221040
57980,Subiaco,2018,17251
58050,Swan,2018,147353
58190,Tammin,2018,398
58260,Three Springs,2018,573
58330,Toodyay,2018,4458
58400,Trayning,2018,352
58470,Upper Gascoyne,2018,285
58510,Victoria Park,2018,36962
58540,Victoria Plains,2018,914
58570,Vincent,2018,36561
58610,Wagin,2018,1786
58680,Wandering,2018,424
58760,Wanneroo,2018,208237
58820,Waroona,2018,4212
58890,West Arthur,2018,780
59030,Westonia,2018,306
59100,Wickepin,2018,714
59170,Williams,2018,1010
59250,Wiluna,2018,684
59310,Wongan-Ballidu,2018,1288
59320,Woodanilling,2018,430
59330,Wyalkatchem,2018,492
59340,Wyndham-East Kimberley,2018,7338
59350,Yalgoo,2018,356
59360,Yilgarn,2018,1163
59370,York,2018,3575
60210,Break O`Day,2018,6288
60410,Brighton,2018,17675
60610,Burnie,2018,19550
60810,Central Coast,2018,21938
61010,Central Highlands,2018,2130
61210,Circular Head,2018,8078
61410,Clarence,2018,57807
61510,Derwent Valley,2018,10424
61610,Devonport,2018,25633
61810,Dorset,2018,6634
62010,Flinders,2018,1010
62210,George Town,2018,6968
62410,Glamorgan-Spring Bay,2018,4602
62610,Glenorchy,2018,47969
62810,Hobart,2018,54649
63010,Huon Valley,2018,17561
63210,Kentish,2018,6315
63410,King Island,2018,1610
63610,Kingborough,2018,38310
63810,Latrobe,2018,11638
64010,Launceston,2018,68007
64210,Meander Valley,2018,19844
64610,Northern Midlands,2018,13437
64810,Sorell,2018,15603
65010,Southern Midlands,2018,6290
65210,Tasman,2018,2414
65410,Waratah-Wynyard,2018,13828
65610,West Coast,2018,4175
65810,West Tamar,2018,24070
70200,Alice Springs,2018,26390
70420,Barkly,2018,7369
70540,Belyuen,2018,175
70620,Central Desert,2018,4231
70700,Coomalie,2018,1370
71000,Darwin,2018,82886
71300,East Arnhem,2018,10344
72200,Katherine,2018,10623
72300,Litchfield,2018,25561
72330,MacDonnell,2018,6917
72800,Palmerston,2018,38270
73600,Roper Gulf,2018,7428
74050,Tiwi Islands,2018,2741
74550,Victoria Daly,2018,3155
74560,Wagait,2018,519
74660,West Arnhem,2018,6881
74680,West Daly,2018,3693
79399,Unincorporated NT,2018,7376